<?xml version="1.0" encoding="utf-8"?>
<Groups clsid="{3125E937-EB16-4b4c-9934-544FC6D24D26}" disabled="0"><Group clsid="{6D4A79E4-529C-4481-ABD0-F5BD7EA93BA7}" name="Administrators (built-in)" image="2" changed="2023-05-23 07:01:25" uid="{F05C7F7D-9FA3-4C47-84E2-E02E5CC142F4}" userContext="0" removePolicy="0"><Properties action="U" newName="" description="" deleteAllUsers="1" deleteAllGroups="1" removeAccounts="0" groupSid="S-1-5-32-544" groupName="Administrators (built-in)"/></Group>
	<Group clsid="{6D4A79E4-529C-4481-ABD0-F5BD7EA93BA7}" name="Remote Desktop Users (built-in)" image="2" changed="2023-05-23 07:01:34" uid="{35C956F7-F075-4C4E-BF5E-6D41EA73BAAC}"><Properties action="U" newName="" description="" deleteAllUsers="1" deleteAllGroups="1" removeAccounts="0" groupSid="S-1-5-32-555" groupName="Remote Desktop Users (built-in)"/></Group>
	<Group clsid="{6D4A79E4-529C-4481-ABD0-F5BD7EA93BA7}" name="Backup Operators (built-in)" image="2" changed="2023-05-23 07:02:52" uid="{CF98D8E8-D80D-498D-9292-32811CFB6905}"><Properties action="U" newName="" description="" deleteAllUsers="1" deleteAllGroups="1" removeAccounts="0" groupSid="S-1-5-32-551" groupName="Backup Operators (built-in)"/></Group>
	<Group clsid="{6D4A79E4-529C-4481-ABD0-F5BD7EA93BA7}" name="Server Operators (built-in)" image="2" changed="2023-05-23 07:03:02" uid="{6DFC8CAA-2151-420C-97D5-B5E973190B53}"><Properties action="U" newName="" description="" deleteAllUsers="1" deleteAllGroups="1" removeAccounts="0" groupSid="S-1-5-32-549" groupName="Server Operators (built-in)"/></Group>
	<Group clsid="{6D4A79E4-529C-4481-ABD0-F5BD7EA93BA7}" name="Print Operators (built-in)" image="2" changed="2023-05-23 07:03:19" uid="{58B7F6AE-068F-481A-8EB5-D676489575C7}"><Properties action="U" newName="" description="" deleteAllUsers="1" deleteAllGroups="1" removeAccounts="0" groupSid="S-1-5-32-550" groupName="Print Operators (built-in)"/></Group>
	<Group clsid="{6D4A79E4-529C-4481-ABD0-F5BD7EA93BA7}" name="Administrators (built-in)" image="2" changed="2023-05-23 07:04:04" uid="{8282CCB5-0915-4F96-81E5-E1CF94C13C51}"><Properties action="U" newName="" description="" deleteAllUsers="0" deleteAllGroups="0" removeAccounts="0" groupSid="S-1-5-32-544" groupName="Administrators (built-in)"><Members><Member name="adm-%computername%" action="ADD" sid=""/><Member name="%computername%\administrator" action="ADD" sid=""/></Members></Properties></Group>
	<Group clsid="{6D4A79E4-529C-4481-ABD0-F5BD7EA93BA7}" name="Remote Desktop Users (built-in)" image="2" changed="2023-05-23 07:04:25" uid="{E09DA732-6F17-4881-B9FC-9F229C5762C9}"><Properties action="U" newName="" description="" deleteAllUsers="0" deleteAllGroups="0" removeAccounts="0" groupSid="S-1-5-32-555" groupName="Remote Desktop Users (built-in)"><Members><Member name="rdp-%computername%" action="ADD" sid=""/></Members></Properties></Group>
</Groups>
