<BackupInst xmlns="http://www.microsoft.com/GroupPolicy/GPOOperations/Manifest"><GPOGuid><![CDATA[{42d3e264-1af9-40bd-bb43-cb032dcdec5d}]]></GPOGuid><GPODomain><![CDATA[int.werit.dk]]></GPODomain><GPODomainGuid><![CDATA[{70859630-9c71-4520-8021-b89324fefb2f}]]></GPODomainGuid><GPODomainController><![CDATA[DC22.int.werit.dk]]></GPODomainController><BackupTime><![CDATA[2023-05-23T11:00:43]]></BackupTime><ID><![CDATA[{DDE14DF2-FE45-4B0A-8785-30C85B5EF6A1}]]></ID><Comment><![CDATA[]]></Comment><GPODisplayName><![CDATA[Server - Local Users and Groups]]></GPODisplayName></BackupInst>
